loss,test loss
0.05049305161378245,0.35101497
0.0025386081061021673,0.35456216
0.002106404917471406,0.355907
0.0020146623477431953,0.3560392
0.001978546755830988,0.3559682
0.001959397756761991,0.3559847
