loss,test loss
0.0014814343372949483,0.014189442
0.001088285876826021,0.014186706
0.000994132375040199,0.014185892
0.0009672341767631426,0.014183719
0.0009576052720388217,0.014184928
0.0009535141403008976,0.014184602
0.0009516373565923758,0.014185185
0.0009507864853926376,0.01418514
0.0009503308130680441,0.014184118
