loss,test loss
0.00201291385594615,0.25687984
0.0010264887894007356,0.25830597
0.0008716799141022143,0.25896448
0.0007796476917905799,0.25801003
0.0006827542011688505,0.25812075
0.0006056826834205297,0.25780186
