loss,test loss
0.05030226672009156,0.10727116
0.008537614704086406,0.10891408
0.0062626452948618214,0.112047896
0.004315035856905734,0.11260948
0.0038426126779456666,0.11250659
0.003667590660019739,0.11249829
