loss,test loss
0.05211720774525493,0.096338496
0.011938433427960676,0.097582065
0.007032722230061565,0.097960494
0.006684927005501144,0.09845874
0.006548924747083292,0.098787144
0.006481905415722593,0.09908602
