loss,test loss
0.040996537587172026,0.3787498
0.009364674401718497,0.40343395
0.006542952261902023,0.406774
0.005939517210302229,0.41281393
0.0056835849363688785,0.41459394
0.005553053981292587,0.4142429
